{
  "id": "IMAuto-Attack",
  "title": "Imperium Maledictum Auto-Attack",
  "description": "Adds auto-attack functions and IMAA token management controls to the token HUD",
  "version": "1.0.0",
  "authors": [
    {
      "name": "Symphony Marie"
    }
  ],
  "scripts": [
    "scripts/IMAA-token-manager.js"
  ],
  "styles": [
    "styles/IMAA-token-manager.css"
  ],
  "packs": [
  {
    "name": "imaa-misc-macros",
    "label": "IMAA Misc Macros",
    "path": "packs/imaa-misc-macros.db",
    "type": "Macro",
    "system": "impmal"
  },
  {
    "name": "imaa-combat-macros", 
    "label": "IMAA Combat Macros",
    "path": "packs/imaa-combat-macros.db",
    "type": "Macro",
    "system": "impmal"
  },
  {
    "name": "imaa-bulk-token-macros",
    "label": "IMAA Bulk Token Macros",
    "path": "packs/imaa-bulk-token-macros.db",
    "type": "Macro", 
    "system": "impmal"
  },
  {
    "name": "imaa-loot-tables",
    "label": "IMAA Loot Tables",
    "path": "packs/imaa-loot-tables.db",
    "type": "RollTable",
    "system": "impmal"
  },
  {
    "name": "imaa-token-manager-items",
    "label": "IMAA Token Manager Items",
    "path": "packs/imaa-token-manager-items.db",
    "type": "Item",
    "system": "impmal"
  }
],
  "languages": [
    {
      "lang": "en",
      "name": "English",
      "path": "languages/en.json"
    }
  ],
  "compatibility": {
    "minimum": "10",
    "verified": "11"
  },
  "url": "https://github.com/symphonymarie/IM-Auto-Attack",
  "manifest": "https://github.com/symphonymarie/IM-Auto-Attack/module.json",
  "download": "https://github.com/symphonymarie/IM-Auto-Attack/IMAA-token-manager.zip"
}